cycle_no,cap_sim [Ahr]
1,[0.68591954]
51,[0.7137931]
101,[0.51063218]
151,[0.46048851]
